id,file,bytes,duration_seconds,format,sample_rate_hz,channels,provenance,generated_utc
soft_pop,soft_pop.wav,42318,0.220,pcm_s16le,48000,2,postdee_procedural,2026-08-09
clean_tap,clean_tap.wav,23118,0.120,pcm_s16le,48000,2,postdee_procedural,2026-08-09
short_whoosh,short_whoosh.wav,86478,0.450,pcm_s16le,48000,2,postdee_procedural,2026-08-09
medium_whoosh,medium_whoosh.wav,144078,0.750,pcm_s16le,48000,2,postdee_procedural,2026-08-09
sparkle,sparkle.wav,153678,0.800,pcm_s16le,48000,2,postdee_procedural,2026-08-09
success_ding,success_ding.wav,134478,0.700,pcm_s16le,48000,2,postdee_procedural,2026-08-09
coin_ping,coin_ping.wav,80718,0.420,pcm_s16le,48000,2,postdee_procedural,2026-08-09
soft_impact,soft_impact.wav,67278,0.350,pcm_s16le,48000,2,postdee_procedural,2026-08-09
short_riser,short_riser.wav,172878,0.900,pcm_s16le,48000,2,postdee_procedural,2026-08-09
attention_boop,attention_boop.wav,61518,0.320,pcm_s16le,48000,2,postdee_procedural,2026-08-09
